arm,seed,episode,state,action,new_state,shape_compatible,reuse_accepted,val_mse,val_rmse,val_mae,val_r2
Q + Adam + gated reuse,11,1,"(64, 1, 0.0)",increase_dropout,"(64, 1, 0.2)",False,False,0.5548866987228394,0.7449071745679722,0.5232055187225342,0.03943222761154175
Q + Adam + gated reuse,11,2,"(64, 1, 0.2)",keep,"(64, 1, 0.2)",True,True,0.5216238498687744,0.722235314747745,0.5006647109985352,0.09701377153396606
Random + Adam + gated reuse,11,1,"(64, 1, 0.0)",decrease_layers,"(64, 1, 0.0)",False,False,0.5548866987228394,0.7449071745679722,0.5232055187225342,0.03943222761154175
Random + Adam + gated reuse,11,2,"(64, 1, 0.0)",keep,"(64, 1, 0.0)",True,True,0.5216238498687744,0.722235314747745,0.5006647109985352,0.09701377153396606
Q + SGD + gated reuse,11,1,"(64, 1, 0.0)",increase_dropout,"(64, 1, 0.2)",False,False,0.5881803631782532,0.7669291774200883,0.5447434186935425,-0.018202662467956543
Q + SGD + gated reuse,11,2,"(64, 1, 0.2)",keep,"(64, 1, 0.2)",True,True,0.5873655080795288,0.7663977479608932,0.5441286563873291,-0.01679205894470215
Q + Adam + cold start,11,1,"(64, 1, 0.0)",increase_dropout,"(64, 1, 0.2)",False,False,0.5548866987228394,0.7449071745679722,0.5232055187225342,0.03943222761154175
Q + Adam + cold start,11,2,"(64, 1, 0.2)",keep,"(64, 1, 0.2)",True,False,0.5208817720413208,0.7217213950281097,0.5075089931488037,0.09829837083816528
Q + Adam + direct reuse,11,1,"(64, 1, 0.0)",increase_dropout,"(64, 1, 0.2)",False,False,0.5548866987228394,0.7449071745679722,0.5232055187225342,0.03943222761154175
Q + Adam + direct reuse,11,2,"(64, 1, 0.2)",keep,"(64, 1, 0.2)",True,True,0.5216238498687744,0.722235314747745,0.5006647109985352,0.09701377153396606
