arm,policy,search_optimizer,reuse,seed,best_search_episode,selected_state,search_val_mse,final_optimizer,final_best_epoch,final_val_mse,test_mse,test_rmse,test_mae,test_r2,search_gradient_updates,final_gradient_updates,gradient_updates,wall_seconds
Q + Adam + gated reuse,q,adam,gated,11,3,"(64, 1, 0.4)",0.03434514254331589,adam,38,0.023018360137939453,0.02398345060646534,0.15486591169933214,0.09011918306350708,0.9609015583992004,2280,1720,4000,118.30481520000012
Random + Adam + gated reuse,random,adam,gated,11,10,"(64, 1, 0.4)",0.024479929357767105,adam,38,0.023018360137939453,0.02398345060646534,0.15486591169933214,0.09011918306350708,0.9609015583992004,2640,1720,4360,185.9508882
Q + SGD + gated reuse,q,sgd,gated,11,11,"(32, 1, 0.4)",0.5326877236366272,adam,50,0.025088483467698097,0.025227751582860947,0.1588324638821074,0.09197652339935303,0.9588730931282043,2280,2000,4280,115.0699353
Q + Adam + cold start,q,adam,none,11,2,"(64, 1, 0.2)",0.06744790077209473,adam,38,0.023018360137939453,0.02398345060646534,0.15486591169933214,0.09011918306350708,0.9609015583992004,1440,1720,3160,156.3832424000002
Q + Adam + direct reuse,q,adam,direct,11,11,"(32, 1, 0.4)",0.03381788358092308,adam,50,0.025088483467698097,0.025227751582860947,0.1588324638821074,0.09197652339935303,0.9588730931282043,1440,2000,3440,142.1092574000004
Q + Adam + gated reuse,q,adam,gated,22,11,"(128, 1, 0.4)",0.0255600456148386,adam,47,0.018135210499167442,0.021970877423882484,0.1482257650473847,0.08490263670682907,0.9641824960708618,2400,2000,4400,225.7262527999992
Random + Adam + gated reuse,random,adam,gated,22,5,"(64, 1, 0.2)",0.03107328526675701,adam,47,0.019294800236821175,0.023048559203743935,0.1518175194229702,0.087877057492733,0.9624256491661072,2280,2000,4280,163.59404949999953
Q + SGD + gated reuse,q,sgd,gated,22,5,"(32, 1, 0.2)",0.4444704055786133,adam,48,0.0229165181517601,0.026553848758339882,0.1629535171708174,0.09342974424362183,0.9567112326622009,2400,2000,4400,133.93431990000136
Q + Adam + cold start,q,adam,none,22,9,"(128, 1, 0.4)",0.05299602821469307,adam,47,0.018135210499167442,0.021970877423882484,0.1482257650473847,0.08490263670682907,0.9641824960708618,1440,2000,3440,205.35876220000137
Q + Adam + direct reuse,q,adam,direct,22,11,"(128, 1, 0.4)",0.026315277442336082,adam,47,0.018135210499167442,0.021970877423882484,0.1482257650473847,0.08490263670682907,0.9641824960708618,1440,2000,3440,202.93767320000006
Q + Adam + gated reuse,q,adam,gated,33,4,"(64, 1, 0.2)",0.03053419105708599,adam,33,0.02130863256752491,0.025312084704637527,0.15909772061421096,0.09195562452077866,0.9587355852127075,2280,1520,3800,161.92970389999937
Random + Adam + gated reuse,random,adam,gated,33,12,"(32, 1, 0.4)",0.029913512989878654,adam,46,0.02562723122537136,0.02864602953195572,0.16925137970473303,0.09584395587444305,0.9533005356788635,2400,2000,4400,99.29107000000113
Q + SGD + gated reuse,q,sgd,gated,33,4,"(64, 1, 0.2)",0.5055502653121948,adam,33,0.02130863256752491,0.025312084704637527,0.15909772061421096,0.09195562452077866,0.9587355852127075,2280,1520,3800,161.0758683999993
Q + Adam + cold start,q,adam,none,33,10,"(64, 2, 0.4)",0.053403522819280624,adam,40,0.018623750656843185,0.023103507235646248,0.15199837905598285,0.08907277137041092,0.9623360633850098,1440,1800,3240,231.03055400000085
Q + Adam + direct reuse,q,adam,direct,33,4,"(64, 1, 0.2)",0.03019547462463379,adam,33,0.02130863256752491,0.025312084704637527,0.15909772061421096,0.09195562452077866,0.9587355852127075,1440,1520,2960,146.88368749999972
Q + Adam + gated reuse,q,adam,gated,44,9,"(64, 1, 0.4)",0.03182649239897728,adam,49,0.022359581664204597,0.023899942636489868,0.15459606281044116,0.0903734490275383,0.9610376954078674,2040,2000,4040,147.84017640000093
Random + Adam + gated reuse,random,adam,gated,44,5,"(64, 1, 0.2)",0.032724928110837936,adam,49,0.022359581664204597,0.023899942636489868,0.15459606281044116,0.0903734490275383,0.9610376954078674,2040,2000,4040,140.54131509999934
Q + SGD + gated reuse,q,sgd,gated,44,9,"(64, 1, 0.4)",0.5126695036888123,adam,49,0.022359581664204597,0.023899942636489868,0.15459606281044116,0.0903734490275383,0.9610376954078674,2040,2000,4040,152.1102747999994
Q + Adam + cold start,q,adam,none,44,11,"(64, 2, 0.4)",0.05752801522612572,adam,42,0.022258920595049858,0.022759171202778816,0.1508614304677601,0.08889690041542053,0.9628974199295044,1440,1880,3320,223.10321620000104
Q + Adam + direct reuse,q,adam,direct,44,9,"(64, 1, 0.4)",0.030730288475751877,adam,49,0.022359581664204597,0.023899942636489868,0.15459606281044116,0.0903734490275383,0.9610376954078674,1440,2000,3440,144.10489190000044
Q + Adam + gated reuse,q,adam,gated,55,11,"(64, 2, 0.0)",0.03076123632490635,adam,46,0.020632071420550346,0.02257840894162655,0.15026113583234538,0.08863496780395508,0.9631921052932739,2400,2000,4400,222.14188139999897
Random + Adam + gated reuse,random,adam,gated,55,8,"(64, 2, 0.0)",0.03403256833553314,adam,46,0.020632071420550346,0.02257840894162655,0.15026113583234538,0.08863496780395508,0.9631921052932739,2040,2000,4040,219.82244990000072
Q + SGD + gated reuse,q,sgd,gated,55,6,"(64, 1, 0.0)",0.5205365419387817,adam,50,0.021869443356990814,0.023844938725233078,0.1544180647632688,0.09071249514818192,0.9611274003982544,2400,2000,4400,170.9760853000007
Q + Adam + cold start,q,adam,none,55,11,"(64, 2, 0.0)",0.04440934583544731,adam,46,0.020632071420550346,0.02257840894162655,0.15026113583234538,0.08863496780395508,0.9631921052932739,1440,2000,3440,199.19138310000017
Q + Adam + direct reuse,q,adam,direct,55,11,"(64, 2, 0.0)",0.02974279783666134,adam,46,0.020632071420550346,0.02257840894162655,0.15026113583234538,0.08863496780395508,0.9631921052932739,1440,2000,3440,200.63167729999986
