epoch,train_mse,val_mse,val_rmse,val_mae,val_r2,arm,seed,selected_state
1,0.5673103183507919,0.5676003694534302,0.7533925732667068,0.5469081401824951,0.017423510551452637,Q + Adam + gated reuse,11,"(64, 1, 0.2)"
2,0.5220436155796051,0.5204457640647888,0.7214192706497303,0.5132716298103333,0.09905314445495605,Q + Adam + gated reuse,11,"(64, 1, 0.2)"
3,0.4792931377887726,0.47594839334487915,0.6898901313577975,0.47940367460250854,0.1760827898979187,Q + Adam + gated reuse,11,"(64, 1, 0.2)"
1,0.5673103183507919,0.5676003694534302,0.7533925732667068,0.5469081401824951,0.017423510551452637,Random + Adam + gated reuse,11,"(64, 1, 0.0)"
2,0.5220436155796051,0.5204457640647888,0.7214192706497303,0.5132716298103333,0.09905314445495605,Random + Adam + gated reuse,11,"(64, 1, 0.0)"
3,0.4792931377887726,0.47594839334487915,0.6898901313577975,0.47940367460250854,0.1760827898979187,Random + Adam + gated reuse,11,"(64, 1, 0.0)"
1,0.5673103183507919,0.5676003694534302,0.7533925732667068,0.5469081401824951,0.017423510551452637,Q + SGD + gated reuse,11,"(64, 1, 0.2)"
2,0.5220436155796051,0.5204457640647888,0.7214192706497303,0.5132716298103333,0.09905314445495605,Q + SGD + gated reuse,11,"(64, 1, 0.2)"
3,0.4792931377887726,0.47594839334487915,0.6898901313577975,0.47940367460250854,0.1760827898979187,Q + SGD + gated reuse,11,"(64, 1, 0.2)"
1,0.5673103183507919,0.5676003694534302,0.7533925732667068,0.5469081401824951,0.017423510551452637,Q + Adam + cold start,11,"(64, 1, 0.2)"
2,0.5220436155796051,0.5204457640647888,0.7214192706497303,0.5132716298103333,0.09905314445495605,Q + Adam + cold start,11,"(64, 1, 0.2)"
3,0.4792931377887726,0.47594839334487915,0.6898901313577975,0.47940367460250854,0.1760827898979187,Q + Adam + cold start,11,"(64, 1, 0.2)"
1,0.5673103183507919,0.5676003694534302,0.7533925732667068,0.5469081401824951,0.017423510551452637,Q + Adam + direct reuse,11,"(64, 1, 0.2)"
2,0.5220436155796051,0.5204457640647888,0.7214192706497303,0.5132716298103333,0.09905314445495605,Q + Adam + direct reuse,11,"(64, 1, 0.2)"
3,0.4792931377887726,0.47594839334487915,0.6898901313577975,0.47940367460250854,0.1760827898979187,Q + Adam + direct reuse,11,"(64, 1, 0.2)"
