t,carotid_880nm,carotid_660nm,brachial_880nm,brachial_660nm
3.0,-167.94,35.245,-488.29,-134.0
12.9,-176.94,32.245,-488.29,-134.0
22.7,-181.94,32.245,-493.29,-135.0
32.6,-170.94,39.245,-493.29,-135.0
42.5,-152.94,46.245,-495.29,-134.0
52.4,-152.94,46.245,-495.29,-134.0
62.3,-105.94,67.245,-483.29,-129.0
72.2,-105.94,67.245,-483.29,-129.0
82.1,-60.944,85.245,-425.29,-104.0
92.0,-60.944,85.245,-425.29,-104.0
101.8,-37.944,97.245,-371.29,-79.997
111.7,-37.944,97.245,-371.29,-79.997
121.6,-17.944,104.24,-330.29,-63.997
131.5,-17.944,104.24,-330.29,-63.997
141.4,-1.9443,108.24,-312.29,-58.997
151.3,-1.9443,108.24,-312.29,-58.997
161.1,4.0557,110.24,-309.29,-58.997
171.0,4.0557,110.24,-306.29,-58.997
180.9,8.0557,112.24,-303.29,-56.997
190.8,6.0557,114.24,-302.29,-56.997
200.7,5.0557,114.24,-304.29,-57.997
210.6,3.0557,116.24,-308.29,-59.997
220.5,2.0557,117.24,-312.29,-61.997
230.3,-2.9443,120.24,-320.29,-62.997
240.2,-4.9443,118.24,-326.29,-65.997
250.1,-6.9443,119.24,-335.29,-68.997
260.0,-7.9443,118.24,-340.29,-71.997
269.9,-7.9443,120.24,-349.29,-73.997
279.8,-5.9443,121.24,-355.29,-76.997
289.7,-3.9443,124.24,-362.29,-79.997
299.5,-1.9443,124.24,-370.29,-82.997
309.4,-1.9443,125.24,-372.29,-84.997
319.3,1.0557,130.24,-375.29,-85.997
329.2,3.0557,132.24,-375.29,-84.997
339.1,2.0557,134.24,-374.29,-84.997
349.0,0.055695,135.24,-375.29,-83.997
358.9,-1.9443,134.24,-376.29,-82.997
368.7,-2.9443,136.24,-377.29,-82.997
378.6,-5.9443,134.24,-378.29,-81.997
388.5,-7.9443,135.24,-379.29,-82.997
398.4,-11.944,134.24,-379.29,-80.997
408.3,-15.944,133.24,-379.29,-78.997
418.2,-17.944,133.24,-383.29,-79.997
428.1,-21.944,131.24,-384.29,-80.997
437.9,-30.944,127.24,-388.29,-81.997
447.8,-41.944,123.24,-391.29,-81.997
457.7,-53.944,116.24,-390.29,-81.997
467.6,-65.944,110.24,-395.29,-82.997
477.5,-80.944,102.24,-393.29,-81.997
487.4,-88.944,99.245,-397.29,-81.997
497.3,-88.944,97.245,-396.29,-82.997
507.1,-93.944,91.245,-401.29,-82.997
517.0,-95.944,86.245,-401.29,-81.997
526.9,-89.944,84.245,-391.29,-78.997
536.8,-88.944,79.245,-372.29,-70.997
546.7,-97.944,70.245,-354.29,-64.997
556.6,-102.94,65.245,-335.29,-58.997
566.5,-100.94,65.245,-317.29,-52.997
576.3,-91.944,72.245,-300.29,-44.997
586.2,-74.944,80.245,-283.29,-40.997
596.1,-52.944,90.245,-272.29,-37.997
606.0,-27.944,107.24,-263.29,-33.997
615.9,-0.94431,122.24,-255.29,-30.997
625.8,24.056,136.24,-251.29,-29.997
635.7,48.056,150.24,-249.29,-28.997
645.5,67.056,162.24,-250.29,-29.997
655.4,81.056,171.24,-252.29,-30.997
665.3,98.056,180.24,-259.29,-33.997
675.2,112.06,188.24,-269.29,-37.997
685.1,126.06,197.24,-275.29,-41.997
695.0,143.06,207.24,-283.29,-45.997
704.9,158.06,215.24,-291.29,-48.997
714.7,175.06,223.24,-300.29,-52.997
724.6,190.06,233.24,-306.29,-55.997
734.5,210.06,243.24,-314.29,-57.997
744.4,226.06,252.24,-319.29,-60.997
754.3,241.06,262.24,-321.29,-62.997
764.2,241.06,262.24,-323.29,-61.997
774.1,266.06,280.24,-323.29,-62.997
783.9,266.06,280.24,-321.29,-61.997
793.8,289.06,296.24,-324.29,-63.997
803.7,289.06,296.24,-324.29,-61.997
813.6,311.06,313.24,-326.29,-63.997
823.5,311.06,313.24,-329.29,-63.997
833.4,331.06,330.24,-330.29,-64.997
843.3,331.06,330.24,-334.29,-66.997
853.1,345.06,344.24,-335.29,-65.997
863.0,345.06,344.24,-336.29,-65.997
872.9,349.06,352.24,-336.29,-64.997
882.8,349.06,352.24,-338.29,-66.997
892.7,348.06,357.24,-339.29,-65.997
902.6,348.06,357.24,-339.29,-64.997
912.5,345.06,359.24,-339.29,-64.997
922.3,343.06,360.24,-340.29,-66.997
932.2,336.06,358.24,-346.29,-67.997
942.1,333.06,357.24,-348.29,-67.997
952.0,336.06,362.24,-350.29,-68.997
961.9,351.06,367.24,-354.29,-69.997
971.8,374.06,377.24,-354.29,-70.997
981.7,401.06,387.24,-354.29,-70.997
991.5,428.06,397.24,-332.29,-61.997
1001.4,443.06,400.24,-332.29,-61.997
1011.3,455.06,404.24,-299.29,-51.997
1021.2,463.06,404.24,-299.29,-51.997
1031.1,465.06,402.24,-265.29,-41.997
1041.0,465.06,401.24,-265.29,-41.997
1050.9,465.06,398.24,-243.29,-35.997
1060.7,457.06,392.24,-243.29,-35.997
1070.6,450.06,386.24,-234.29,-33.997
1080.5,441.06,380.24,-234.29,-33.997
1090.4,429.06,374.24,-231.29,-33.997
1100.3,413.06,363.24,-231.29,-33.997
1110.2,396.06,355.24,-241.29,-38.997
1120.1,379.06,343.24,-241.29,-38.997
1129.9,357.06,331.24,-256.29,-44.997
1139.8,338.06,321.24,-256.29,-44.997
1149.7,322.06,311.24,-277.29,-52.997
1159.6,305.06,302.24,-277.29,-52.997
1169.5,287.06,291.24,-299.29,-61.997
1179.4,268.06,282.24,-299.29,-61.997
1189.3,248.06,273.24,-313.29,-66.997
1199.1,230.06,263.24,-313.29,-66.997
1209.0,211.06,255.24,-319.29,-70.997
1218.9,194.06,246.24,-321.29,-73.997
1228.8,181.06,242.24,-325.29,-74.997
1238.7,167.06,237.24,-325.29,-75.997
1248.6,153.06,230.24,-324.29,-74.997
1258.5,143.06,226.24,-327.29,-75.997
1268.3,133.06,224.24,-326.29,-73.997
1278.2,123.06,219.24,-328.29,-73.997
1288.1,116.06,218.24,-329.29,-73.997
1298.0,105.06,211.24,-331.29,-75.997
1307.9,98.056,207.24,-336.29,-75.997
1317.8,85.056,201.24,-337.29,-76.997
1327.7,78.056,197.24,-340.29,-77.997
1337.5,62.056,190.24,-347.29,-77.997
1347.4,48.056,184.24,-349.29,-80.997
1357.3,36.056,181.24,-355.29,-82.997
1367.2,26.056,176.24,-361.29,-84.997
1377.1,13.056,172.24,-364.29,-86.997
1387.0,3.0557,164.24,-368.29,-88.997
1396.9,-5.9443,163.24,-375.29,-89.997
1406.7,-10.944,158.24,-377.29,-90.997
1416.6,-6.9443,158.24,-383.29,-92.997
1426.5,8.0557,163.24,-389.29,-95.997
1436.4,29.056,170.24,-392.29,-95.997
1446.3,44.056,176.24,-391.29,-96.997
1456.2,59.056,180.24,-379.29,-89.997
1466.1,67.056,181.24,-360.29,-82.997
1475.9,67.056,181.24,-341.29,-76.997
1485.8,74.056,177.24,-325.29,-71.997
1495.7,74.056,177.24,-307.29,-64.997
1505.6,66.056,173.24,-293.29,-60.997
1515.5,66.056,173.24,-282.29,-56.997
1525.4,59.056,166.24,-276.29,-55.997
1535.3,59.056,166.24,-273.29,-56.997
1545.1,44.056,157.24,-274.29,-56.997
1555.0,44.056,157.24,-272.29,-54.997
1564.9,25.056,146.24,-275.29,-55.997
1574.8,25.056,146.24,-280.29,-56.997
1584.7,2.0557,137.24,-287.29,-58.997
1594.6,2.0557,137.24,-296.29,-63.997
1604.5,-8.9443,132.24,-305.29,-66.997
1614.3,-8.9443,132.24,-314.29,-70.997
1624.2,-12.944,133.24,-324.29,-74.997
1634.1,-17.944,130.24,-331.29,-77.997
1644.0,-20.944,131.24,-340.29,-82.997
1653.9,-23.944,130.24,-349.29,-83.997
1663.8,-27.944,131.24,-354.29,-87.997
1673.7,-33.944,128.24,-358.29,-90.997
1683.5,-38.944,129.24,-361.29,-92.997
1693.4,-43.944,128.24,-363.29,-92.997
1703.3,-45.944,128.24,-367.29,-93.997
1713.2,-51.944,126.24,-366.29,-93.997
1723.1,-58.944,123.24,-370.29,-93.997
1733.0,-67.944,121.24,-374.29,-95.997
1742.9,-75.944,117.24,-376.29,-97.997
1752.7,-83.944,113.24,-376.29,-97.997
1762.6,-89.944,110.24,-380.29,-98.997
1772.5,-97.944,107.24,-382.29,-99.997
1782.4,-104.94,100.24,-390.29,-103.0
1792.3,-115.94,96.245,-393.29,-104.0
1802.2,-124.94,91.245,-397.29,-105.0
1812.1,-135.94,85.245,-403.29,-106.0
1821.9,-144.94,79.245,-407.29,-108.0
1831.8,-156.94,72.245,-412.29,-110.0
1841.7,-168.94,66.245,-416.29,-114.0
1851.6,-179.94,59.245,-422.29,-116.0
1861.5,-188.94,52.245,-428.29,-116.0
1871.4,-199.94,46.245,-431.29,-118.0
1881.3,-204.94,39.245,-434.29,-121.0
1891.1,-199.94,40.245,-439.29,-122.0
1901.0,-183.94,47.245,-442.29,-121.0
1910.9,-155.94,57.245,-434.29,-119.0
1920.8,-135.94,62.245,-417.29,-111.0
1930.7,-125.94,64.245,-400.29,-104.0
1940.6,-119.94,67.245,-385.29,-98.997
1950.5,-113.94,69.245,-366.29,-94.997
1960.3,-109.94,71.245,-355.29,-92.997
1970.2,-105.94,74.245,-347.29,-91.997
1980.1,-101.94,73.245,-345.29,-94.997
1990.0,-99.944,73.245,-358.29,-105.0
1999.9,-96.944,71.245,-380.29,-122.0
2009.8,-100.94,68.245,-416.29,-147.0
2019.7,-103.94,61.245,-462.29,-179.0
2029.5,-110.94,56.245,-511.29,-210.0
2039.4,-119.94,48.245,-557.29,-238.0
2049.3,-131.94,40.245,-588.29,-259.0
2059.2,-141.94,33.245,-616.29,-276.0
2069.1,-148.94,30.245,-635.29,-286.0
2079.0,-156.94,26.245,-651.29,-293.0
2088.9,-161.94,22.245,-651.29,-293.0
2098.7,-163.94,21.245,-674.29,-305.0
2108.6,-171.94,21.245,-674.29,-305.0
2118.5,-171.94,22.245,-687.29,-311.0
2128.4,-173.94,24.245,-687.29,-311.0
2138.3,-173.94,27.245,-702.29,-319.0
2148.2,-176.94,31.245,-702.29,-319.0
2158.1,-175.94,37.245,-712.29,-324.0
2167.9,-170.94,42.245,-712.29,-324.0
2177.8,-167.94,50.245,-717.29,-326.0
2187.7,-162.94,57.245,-717.29,-326.0
2197.6,-154.94,63.245,-714.29,-324.0
2207.5,-154.94,63.245,-714.29,-324.0
2217.4,-134.94,79.245,-706.29,-319.0
2227.3,-134.94,79.245,-706.29,-319.0
2237.1,-120.94,90.245,-697.29,-313.0
2247.0,-120.94,90.245,-697.29,-313.0
2256.9,-119.94,96.245,-681.29,-303.0
2266.8,-119.94,96.245,-681.29,-303.0
2276.7,-113.94,106.24,-664.29,-288.0
2286.6,-113.94,106.24,-664.29,-288.0
2296.5,-111.94,114.24,-658.29,-283.0
2306.3,-111.94,114.24,-657.29,-282.0
2316.2,-119.94,113.24,-661.29,-286.0
2326.1,-119.94,113.24,-674.29,-293.0
2336.0,-138.94,103.24,-692.29,-304.0
2345.9,-171.94,85.245,-716.29,-317.0
2355.8,-186.94,77.245,-731.29,-327.0
2365.7,-182.94,79.245,-746.29,-336.0
2375.5,-171.94,83.245,-750.29,-340.0
2385.4,-168.94,82.245,-745.29,-341.0
2395.3,-164.94,83.245,-746.29,-348.0
2405.2,-158.94,86.245,-742.29,-354.0
2415.1,-156.94,82.245,-741.29,-357.0
2425.0,-155.94,81.245,-738.29,-362.0
2434.9,-154.94,81.245,-734.29,-365.0
2444.7,-162.94,76.245,-731.29,-365.0
2454.6,-162.94,75.245,-727.29,-366.0
2464.5,-162.94,74.245,-725.29,-366.0
2474.4,-164.94,74.245,-727.29,-369.0
2484.3,-164.94,72.245,-733.29,-373.0
2494.2,-162.94,73.245,-746.29,-381.0
2504.1,-172.94,67.245,-757.29,-386.0
2513.9,-185.94,59.245,-767.29,-393.0
2523.8,-196.94,53.245,-776.29,-397.0
2533.7,-206.94,47.245,-783.29,-401.0
2543.6,-213.94,42.245,-787.29,-403.0
2553.5,-220.94,37.245,-794.29,-405.0
2563.4,-227.94,33.245,-801.29,-407.0
2573.2,-230.94,31.245,-803.29,-407.0
2583.1,-231.94,31.245,-799.29,-403.0
2593.0,-234.94,29.245,-794.29,-397.0
2602.9,-234.94,28.245,-786.29,-391.0
2612.8,-238.94,28.245,-777.29,-384.0
2622.7,-240.94,25.245,-765.29,-376.0
2632.6,-245.94,23.245,-749.29,-366.0
2642.5,-249.94,19.245,-731.29,-354.0
2652.3,-257.94,15.245,-712.29,-342.0
2662.2,-263.94,9.245,-696.29,-329.0
2672.1,-274.94,3.245,-678.29,-317.0
2682.0,-289.94,-7.755,-663.29,-305.0
2691.9,-300.94,-11.755,-649.29,-294.0
2701.8,-311.94,-18.755,-637.29,-284.0
2711.6,-327.94,-27.755,-626.29,-276.0
2721.5,-339.94,-35.755,-618.29,-269.0
2731.4,-352.94,-41.755,-611.29,-263.0
2741.3,-367.94,-50.755,-603.29,-256.0
2751.2,-374.94,-53.755,-596.29,-249.0
2761.1,-384.94,-61.755,-594.29,-245.0
2771.0,-400.94,-70.755,-594.29,-241.0
2780.8,-423.94,-85.755,-593.29,-238.0
2790.7,-430.94,-93.755,-593.29,-233.0
2800.6,-424.94,-92.755,-589.29,-229.0
2810.5,-403.94,-86.755,-579.29,-221.0
2820.4,-386.94,-80.755,-564.29,-212.0
2830.3,-372.94,-78.755,-526.29,-191.0
2840.2,-361.94,-75.755,-491.29,-175.0
2850.0,-353.94,-72.755,-456.29,-159.0
2859.9,-343.94,-70.755,-421.29,-142.0
2869.8,-334.94,-68.755,-397.29,-134.0
2879.7,-326.94,-66.755,-391.29,-135.0
2889.6,-315.94,-62.755,-399.29,-146.0
2899.5,-308.94,-59.755,-425.29,-164.0
2909.4,-300.94,-55.755,-451.29,-181.0
2919.2,-300.94,-55.755,-472.29,-197.0
2929.1,-285.94,-47.755,-487.29,-210.0
2939.0,-285.94,-47.755,-501.29,-217.0
2948.9,-287.94,-49.755,-509.29,-223.0
2958.8,-287.94,-49.755,-516.29,-228.0
2968.7,-304.94,-55.755,-525.29,-231.0
2978.6,-304.94,-55.755,-531.29,-235.0
2988.4,-315.94,-61.755,-539.29,-236.0
2998.3,-315.94,-61.755,-547.29,-240.0
3008.2,-316.94,-62.755,-557.29,-242.0
3018.1,-316.94,-62.755,-569.29,-246.0
3028.0,-321.94,-63.755,-576.29,-248.0
3037.9,-321.94,-63.755,-588.29,-252.0
3047.8,-321.94,-64.755,-597.29,-258.0
3057.6,-321.94,-65.755,-609.29,-265.0
3067.5,-325.94,-64.755,-624.29,-273.0
3077.4,-328.94,-66.755,-637.29,-282.0
3087.3,-325.94,-64.755,-655.29,-291.0
3097.2,-325.94,-63.755,-667.29,-296.0
3107.1,-322.94,-62.755,-673.29,-299.0
3117.0,-322.94,-59.755,-673.29,-299.0
3126.8,-320.94,-58.755,-681.29,-301.0
3136.7,-318.94,-56.755,-681.29,-301.0
3146.6,-317.94,-54.755,-685.29,-300.0
3156.5,-316.94,-54.755,-685.29,-300.0
3166.4,-320.94,-53.755,-684.29,-297.0
3176.3,-324.94,-55.755,-684.29,-297.0
3186.2,-329.94,-56.755,-676.29,-289.0
3196.0,-331.94,-57.755,-676.29,-289.0
3205.9,-335.94,-57.755,-669.29,-281.0
3215.8,-344.94,-63.755,-669.29,-281.0
3225.7,-353.94,-67.755,-657.29,-270.0
3235.6,-374.94,-81.755,-657.29,-270.0
3245.5,-386.94,-88.755,-640.29,-254.0
3255.4,-375.94,-85.755,-640.29,-254.0
3265.2,-347.94,-77.755,-615.29,-238.0
3275.1,-326.94,-68.755,-615.29,-238.0
3285.0,-309.94,-60.755,-544.29,-199.0
3294.9,-292.94,-54.755,-544.29,-199.0
3304.8,-276.94,-46.755,-478.29,-166.0
3314.7,-260.94,-39.755,-478.29,-166.0
3324.6,-247.94,-36.755,-442.29,-150.0
3334.4,-236.94,-30.755,-411.29,-134.0
3344.3,-227.94,-27.755,-388.29,-122.0
3354.2,-216.94,-22.755,-368.29,-114.0
3364.1,-202.94,-15.755,-356.29,-107.0
3374.0,-193.94,-9.755,-345.29,-99.997
3383.9,-184.94,-5.755,-331.29,-94.997
3393.8,-177.94,-0.75501,-327.29,-90.997
3403.6,-178.94,0.24499,-324.29,-87.997
3413.5,-179.94,-0.75501,-322.29,-86.997
3423.4,-189.94,-6.755,-323.29,-85.997
3433.3,-195.94,-9.755,-324.29,-85.997
3443.2,-204.94,-10.755,-326.29,-84.997
3453.1,-205.94,-11.755,-328.29,-84.997
3463.0,-206.94,-7.755,-332.29,-84.997
3472.8,-202.94,-8.755,-333.29,-84.997
3482.7,-201.94,-4.755,-338.29,-85.997
3492.6,-201.94,-3.755,-339.29,-85.997
3502.5,-203.94,-4.755,-341.29,-84.997
3512.4,-203.94,-4.755,-343.29,-84.997
3522.3,-203.94,-1.755,-342.29,-83.997
3532.2,-205.94,-2.755,-344.29,-83.997
3542.0,-203.94,-0.75501,-344.29,-82.997
3551.9,-206.94,0.24499,-345.29,-80.997
3561.8,-205.94,1.245,-344.29,-82.997
3571.7,-203.94,3.245,-344.29,-81.997
3581.6,-203.94,6.245,-345.29,-82.997
3591.5,-209.94,5.245,-347.29,-79.997
3601.4,-210.94,5.245,-344.29,-79.997
3611.2,-216.94,4.245,-341.29,-78.997
3621.1,-217.94,4.245,-347.29,-79.997
3631.0,-217.94,4.245,-347.29,-79.997
3640.9,-234.94,-0.75501,-350.29,-80.997
3650.8,-234.94,-0.75501,-351.29,-81.997
3660.7,-247.94,-4.755,-354.29,-81.997
3670.6,-247.94,-4.755,-363.29,-83.997
3680.4,-272.94,-18.755,-365.29,-84.997
3690.3,-272.94,-18.755,-369.29,-86.997
3700.2,-258.94,-11.755,-374.29,-87.997
3710.1,-258.94,-11.755,-373.29,-88.997
3720.0,-208.94,10.245,-366.29,-83.997
3729.9,-208.94,10.245,-344.29,-73.997
3739.8,-178.94,24.245,-325.29,-67.997
3749.6,-178.94,24.245,-308.29,-61.997
3759.5,-151.94,38.245,-284.29,-53.997
3769.4,-151.94,38.245,-266.29,-46.997
3779.3,-136.94,44.245,-245.29,-40.997
3789.2,-124.94,49.245,-234.29,-35.997
3799.1,-112.94,56.245,-221.29,-32.997
3809.0,-105.94,60.245,-214.29,-31.997
3818.8,-97.944,64.245,-208.29,-29.997
3828.7,-93.944,66.245,-202.29,-26.997
3838.6,-92.944,68.245,-199.29,-25.997
3848.5,-88.944,70.245,-199.29,-25.997
3858.4,-88.944,71.245,-199.29,-27.997
3868.3,-85.944,75.245,-203.29,-26.997
3878.2,-94.944,72.245,-208.29,-28.997
3888.0,-105.94,66.245,-212.29,-31.997
3897.9,-108.94,65.245,-218.29,-33.997
3907.8,-112.94,64.245,-225.29,-38.997
3917.7,-112.94,65.245,-232.29,-39.997
3927.6,-109.94,68.245,-243.29,-44.997
3937.5,-107.94,70.245,-253.29,-47.997
3947.4,-106.94,72.245,-258.29,-49.997
3957.2,-100.94,75.245,-264.29,-52.997
3967.1,-97.944,79.245,-268.29,-51.997
3977.0,-94.944,80.245,-273.29,-55.997
3986.9,-90.944,83.245,-277.29,-56.997
3996.8,-84.944,87.245,-281.29,-58.997
4006.7,-74.944,96.245,-281.29,-57.997
4016.6,-60.944,104.24,-282.29,-59.997
4026.4,-47.944,112.24,-283.29,-58.997
4036.3,-33.944,121.24,-285.29,-59.997
4046.2,-23.944,129.24,-287.29,-59.997
4056.1,-13.944,132.24,-291.29,-61.997
4066.0,-11.944,136.24,-296.29,-62.997
4075.9,-9.9443,140.24,-301.29,-64.997
4085.8,-10.944,140.24,-306.29,-67.997
4095.6,-4.9443,145.24,-310.29,-67.997
4105.5,-1.9443,148.24,-317.29,-71.997
4115.4,2.0557,153.24,-322.29,-75.997
4125.3,1.0557,153.24,-331.29,-78.997
4135.2,-6.9443,147.24,-332.29,-79.997
4145.1,-2.9443,148.24,-339.29,-79.997
4155.0,9.0557,150.24,-343.29,-81.997
4164.8,31.056,158.24,-346.29,-84.997
4174.7,58.056,169.24,-338.29,-80.997
4184.6,84.056,182.24,-320.29,-73.997
4194.5,102.06,189.24,-303.29,-67.997
4204.4,120.06,197.24,-303.29,-67.997
4214.3,132.06,200.24,-266.29,-54.997
4224.2,144.06,204.24,-266.29,-54.997
4234.0,153.06,207.24,-234.29,-42.997
4243.9,162.06,209.24,-234.29,-42.997
4253.8,171.06,211.24,-215.29,-36.997
4263.7,174.06,212.24,-215.29,-36.997
4273.6,180.06,213.24,-209.29,-36.997
4283.5,186.06,216.24,-209.29,-36.997
4293.4,194.06,219.24,-205.29,-34.997
4303.2,197.06,223.24,-205.29,-34.997
4313.1,198.06,225.24,-204.29,-33.997
4323.0,200.06,230.24,-204.29,-33.997
4332.9,201.06,230.24,-214.29,-36.997
4342.8,201.06,230.24,-214.29,-36.997
4352.7,195.06,228.24,-226.29,-44.997
4362.6,195.06,228.24,-226.29,-44.997
4372.4,187.06,224.24,-244.29,-51.997
4382.3,187.06,224.24,-244.29,-51.997
4392.2,184.06,222.24,-262.29,-58.997
4402.1,184.06,222.24,-262.29,-58.997
4412.0,183.06,222.24,-263.29,-57.997
4421.9,183.06,222.24,-267.29,-59.997
4431.8,179.06,223.24,-270.29,-59.997
4441.6,179.06,223.24,-272.29,-61.997
4451.5,172.06,218.24,-271.29,-61.997
4461.4,172.06,218.24,-273.29,-62.997
4471.3,162.06,215.24,-274.29,-62.997
4481.2,162.06,215.24,-274.29,-61.997
4491.1,157.06,212.24,-277.29,-63.997
4501.0,154.06,208.24,-279.29,-63.997
4510.8,148.06,206.24,-282.29,-63.997
4520.7,146.06,206.24,-281.29,-63.997
4530.6,146.06,203.24,-282.29,-64.997
4540.5,140.06,199.24,-283.29,-64.997
4550.4,141.06,200.24,-286.29,-65.997
4560.3,138.06,199.24,-290.29,-69.997
4570.2,138.06,200.24,-296.29,-70.997
4580.0,138.06,200.24,-300.29,-73.997
4589.9,138.06,201.24,-306.29,-76.997
4599.8,131.06,198.24,-313.29,-80.997
4609.7,116.06,188.24,-320.29,-81.997
4619.6,119.06,189.24,-326.29,-82.997
4629.5,139.06,197.24,-331.29,-86.997
4639.4,150.06,198.24,-332.29,-85.997
4649.2,168.06,206.24,-327.29,-82.997
4659.1,189.06,213.24,-307.29,-74.997
4669.0,204.06,220.24,-284.29,-67.997
4678.9,218.06,225.24,-265.29,-60.997
4688.8,223.06,229.24,-241.29,-53.997
4698.7,233.06,233.24,-217.29,-44.997
4708.6,239.06,235.24,-202.29,-38.997
4718.4,243.06,237.24,-188.29,-34.997
4728.3,250.06,238.24,-177.29,-31.997
4738.2,251.06,241.24,-165.29,-27.997
4748.1,249.06,238.24,-156.29,-23.997
4758.0,243.06,234.24,-150.29,-20.997
4767.9,243.06,231.24,-142.29,-17.997
4777.8,236.06,228.24,-132.29,-14.997
4787.6,222.06,220.24,-125.29,-13.997
4797.5,209.06,211.24,-123.29,-10.997
4807.4,198.06,205.24,-126.29,-10.997
4817.3,179.06,197.24,-132.29,-13.997
4827.2,167.06,194.24,-141.29,-15.997
4837.1,160.06,192.24,-150.29,-21.997
4847.0,155.06,192.24,-153.29,-25.997
4856.8,148.06,190.24,-156.29,-31.997
4866.7,142.06,189.24,-162.29,-42.997
4876.6,136.06,190.24,-171.29,-56.997
4886.5,130.06,189.24,-183.29,-72.997
4896.4,126.06,184.24,-198.29,-88.997
4906.3,120.06,182.24,-212.29,-101.0
4916.2,116.06,180.24,-224.29,-115.0
4926.0,111.06,177.24,-240.29,-126.0
4935.9,105.06,174.24,-255.29,-139.0
4945.8,102.06,173.24,-277.29,-156.0
4955.7,98.056,171.24,-311.29,-179.0
4965.6,93.056,169.24,-346.29,-203.0
4975.5,87.056,165.24,-380.29,-227.0
4985.4,81.056,162.24,-412.29,-245.0
4995.2,72.056,157.24,-434.29,-257.0
5005.1,67.056,154.24,-452.29,-268.0
5015.0,59.056,151.24,-476.29,-279.0
5024.9,51.056,148.24,-501.29,-295.0
5034.8,44.056,146.24,-526.29,-308.0
5044.7,37.056,145.24,-550.29,-318.0
5054.6,37.056,145.24,-568.29,-326.0
5064.4,24.056,140.24,-575.29,-331.0
5074.3,24.056,140.24,-579.29,-331.0
5084.2,6.0557,133.24,-582.29,-333.0
5094.1,6.0557,133.24,-585.29,-333.0
5104.0,27.056,144.24,-591.29,-335.0
5113.9,27.056,144.24,-598.29,-336.0
5123.7,58.056,146.24,-596.29,-333.0
5133.6,58.056,146.24,-572.29,-323.0
5143.5,90.056,160.24,-542.29,-310.0
5153.4,90.056,160.24,-518.29,-302.0
5163.3,104.06,166.24,-484.29,-290.0
5173.2,104.06,166.24,-461.29,-282.0
5183.1,106.06,163.24,-448.29,-279.0
5193.0,106.06,163.24,-449.29,-285.0
5202.8,104.06,159.24,-463.29,-296.0
5212.7,96.056,153.24,-477.29,-308.0
5222.6,91.056,147.24,-488.29,-316.0
5232.5,85.056,142.24,-488.29,-316.0
5242.4,80.056,140.24,-503.29,-329.0
5252.3,77.056,138.24,-503.29,-329.0
5262.1,67.056,131.24,-526.29,-344.0
5272.0,54.056,125.24,-526.29,-344.0
5281.9,44.056,121.24,-552.29,-358.0
5291.8,38.056,118.24,-552.29,-358.0
5301.7,33.056,115.24,-577.29,-370.0
5311.6,25.056,112.24,-577.29,-370.0
5321.5,20.056,109.24,-600.29,-381.0
5331.4,17.056,106.24,-600.29,-381.0
5341.2,15.056,106.24,-615.29,-384.0
5351.1,13.056,104.24,-615.29,-384.0
5361.0,10.056,101.24,-616.29,-382.0
5370.9,10.056,97.245,-616.29,-382.0
5380.8,7.0557,97.245,-607.29,-374.0
5390.7,8.0557,96.245,-607.29,-374.0
5400.5,7.0557,96.245,-584.29,-356.0
5410.4,7.0557,95.245,-584.29,-356.0
5420.3,9.0557,96.245,-534.29,-326.0
5430.2,10.056,94.245,-534.29,-326.0
5440.1,13.056,96.245,-470.29,-285.0
5450.0,16.056,95.245,-470.29,-285.0
5459.9,14.056,96.245,-439.29,-265.0
5469.7,13.056,96.245,-409.29,-245.0
5479.6,12.056,95.245,-379.29,-225.0
5489.5,14.056,96.245,-353.29,-207.0
5499.4,17.056,97.245,-328.29,-189.0
5509.3,24.056,96.245,-307.29,-173.0
5519.2,28.056,98.245,-283.29,-158.0
5529.1,34.056,100.24,-263.29,-142.0
5538.9,41.056,100.24,-246.29,-130.0
5548.8,46.056,102.24,-235.29,-120.0
5558.7,46.056,101.24,-227.29,-112.0
5568.6,50.056,101.24,-221.29,-105.0
5578.5,61.056,108.24,-217.29,-99.997
5588.4,81.056,118.24,-215.29,-94.997
5598.3,110.06,125.24,-214.29,-91.997
5608.1,141.06,137.24,-214.29,-89.997
5618.0,179.06,150.24,-212.29,-86.997
5627.9,213.06,161.24,-180.29,-72.997
5637.8,233.06,167.24,-140.29,-54.997
5647.7,245.06,170.24,-107.29,-39.997
5657.6,255.06,173.24,-76.294,-26.997
5667.5,258.06,172.24,-48.294,-14.997
5677.3,262.06,171.24,-29.294,-6.9975
5687.2,268.06,172.24,-17.294,0.0025046
5697.1,271.06,172.24,-11.294,2.0025
5707.0,270.06,170.24,-10.294,5.0025
5716.9,269.06,169.24,-9.2944,6.0025
5726.8,262.06,170.24,-14.294,6.0025
5736.7,259.06,169.24,-19.294,3.0025
5746.5,249.06,170.24,-23.294,2.0025
5756.4,240.06,170.24,-26.294,0.0025046
5766.3,240.06,170.24,-37.294,-2.9975
5776.2,218.06,167.24,-45.294,-4.9975
5786.1,218.06,167.24,-56.294,-9.9975
5796.0,202.06,166.24,-64.294,-12.997
5805.9,202.06,166.24,-74.294,-16.997
5815.7,184.06,162.24,-82.294,-19.997
5825.6,184.06,162.24,-95.294,-24.997
5835.5,163.06,160.24,-101.29,-26.997
5845.4,163.06,160.24,-108.29,-29.997
5855.3,134.06,152.24,-113.29,-30.997
5865.2,134.06,152.24,-113.29,-31.997
5875.1,107.06,144.24,-114.29,-31.997
5884.9,107.06,144.24,-114.29,-31.997
5894.8,82.056,130.24,-113.29,-30.997
5904.7,82.056,130.24,-110.29,-29.997
5914.6,66.056,120.24,-111.29,-27.997
5924.5,53.056,111.24,-110.29,-27.997
5934.4,38.056,102.24,-109.29,-25.997
5944.3,23.056,93.245,-110.29,-26.997
5954.1,9.0557,82.245,-112.29,-23.997
5964.0,-6.9443,73.245,-111.29,-23.997
5973.9,-20.944,63.245,-111.29,-21.997
5983.8,-33.944,56.245,-108.29,-21.997
5993.7,-45.944,47.245,-113.29,-21.997
6003.6,-58.944,40.245,-116.29,-21.997
6013.5,-72.944,33.245,-123.29,-25.997
6023.3,-81.944,25.245,-130.29,-25.997
6033.2,-93.944,19.245,-140.29,-29.997
6043.1,-101.94,12.245,-149.29,-32.997
6053.0,-113.94,7.245,-161.29,-36.997
6062.9,-123.94,0.24499,-170.29,-40.997
6072.8,-126.94,-0.75501,-180.29,-43.997
6082.7,-120.94,3.245,-188.29,-47.997
6092.5,-105.94,8.245,-198.29,-50.997
6102.4,-88.944,12.245,-201.29,-51.997
6112.3,-68.944,19.245,-184.29,-43.997
6122.2,-52.944,22.245,-154.29,-30.997
6132.1,-43.944,22.245,-134.29,-21.997
6142.0,-39.944,21.245,-110.29,-12.997
6151.9,-38.944,19.245,-92.294,-3.9975
6161.7,-36.944,18.245,-73.294,3.0025
6171.6,-34.944,16.245,-61.294,9.0025
6181.5,-35.944,13.245,-54.294,11.003
6191.4,-37.944,9.245,-51.294,11.003
6201.3,-40.944,6.245,-50.294,11.003
6211.2,-46.944,2.245,-51.294,11.003
6221.1,-56.944,-5.755,-55.294,10.003
6230.9,-67.944,-10.755,-64.294,6.0025
6240.8,-80.944,-17.755,-76.294,2.0025
6250.7,-90.944,-20.755,-89.294,-2.9975
6260.6,-97.944,-25.755,-102.29,-8.9975
6270.5,-103.94,-27.755,-115.29,-12.997
6280.4,-109.94,-30.755,-126.29,-16.997
6290.3,-112.94,-32.755,-137.29,-20.997
6300.1,-120.94,-37.755,-148.29,-25.997
6310.0,-122.94,-39.755,-157.29,-28.997
6319.9,-133.94,-43.755,-166.29,-31.997
6329.8,-138.94,-48.755,-168.29,-32.997
6339.7,-143.94,-51.755,-168.29,-32.997
6349.6,-150.94,-55.755,-177.29,-35.997
6359.5,-154.94,-56.755,-177.29,-35.997
6369.3,-159.94,-60.755,-180.29,-37.997
6379.2,-169.94,-64.755,-180.29,-37.997
6389.1,-174.94,-69.755,-184.29,-37.997
6399.0,-181.94,-71.755,-184.29,-37.997
6408.9,-188.94,-73.755,-192.29,-41.997
6418.8,-194.94,-78.755,-192.29,-41.997
6428.7,-205.94,-81.755,-202.29,-44.997
6438.5,-210.94,-85.755,-202.29,-44.997
6448.4,-217.94,-87.755,-214.29,-47.997
6458.3,-223.94,-91.755,-214.29,-47.997
6468.2,-231.94,-93.755,-225.29,-51.997
6478.1,-236.94,-93.755,-225.29,-51.997
6488.0,-244.94,-95.755,-232.29,-53.997
6497.9,-244.94,-95.755,-232.29,-53.997
6507.7,-257.94,-99.755,-237.29,-55.997
6517.6,-257.94,-99.755,-237.29,-55.997
6527.5,-271.94,-103.76,-246.29,-56.997
6537.4,-271.94,-103.76,-246.29,-56.997
6547.3,-280.94,-106.76,-252.29,-57.997
6557.2,-280.94,-106.76,-255.29,-60.997
6567.1,-258.94,-96.755,-260.29,-60.997
6576.9,-258.94,-96.755,-261.29,-62.997
6586.8,-211.94,-78.755,-256.29,-58.997
6596.7,-211.94,-78.755,-252.29,-55.997
6606.6,-181.94,-67.755,-229.29,-46.997
6616.5,-181.94,-67.755,-202.29,-34.997
6626.4,-173.94,-67.755,-177.29,-22.997
6636.3,-169.94,-68.755,-151.29,-11.997
6646.1,-165.94,-67.755,-127.29,-2.9975
6656.0,-164.94,-69.755,-108.29,5.0025
6665.9,-163.94,-70.755,-95.294,9.0025
6675.8,-162.94,-73.755,-86.294,15.003
6685.7,-165.94,-71.755,-78.294,17.003
6695.6,-164.94,-70.755,-73.294,20.003
6705.5,-165.94,-69.755,-66.294,24.003
6715.3,-169.94,-70.755,-62.294,25.003
6725.2,-175.94,-69.755,-64.294,24.003
6735.1,-180.94,-71.755,-65.294,24.003
6745.0,-184.94,-67.755,-71.294,21.003
6754.9,-186.94,-66.755,-75.294,21.003
6764.8,-185.94,-63.755,-78.294,19.003
6774.7,-184.94,-61.755,-82.294,18.003
6784.5,-181.94,-55.755,-87.294,18.003
6794.4,-178.94,-52.755,-89.294,16.003
6804.3,-173.94,-48.755,-92.294,14.003
6814.2,-176.94,-46.755,-94.294,15.003
6824.1,-177.94,-44.755,-95.294,11.003
6834.0,-178.94,-42.755,-96.294,12.003
6843.9,-180.94,-41.755,-94.294,14.003
6853.7,-179.94,-40.755,-96.294,12.003
6863.6,-181.94,-38.755,-99.294,13.003
6873.5,-188.94,-39.755,-98.294,13.003
6883.4,-190.94,-37.755,-102.29,12.003
6893.3,-191.94,-35.755,-102.29,12.003
6903.2,-191.94,-34.755,-105.29,12.003
6913.1,-190.94,-33.755,-107.29,11.003
6922.9,-191.94,-31.755,-107.29,10.003
6932.8,-193.94,-31.755,-108.29,8.0025
6942.7,-194.94,-30.755,-110.29,8.0025
6952.6,-198.94,-31.755,-113.29,6.0025
6962.5,-201.94,-33.755,-120.29,6.0025
6972.4,-208.94,-36.755,-124.29,2.0025
6982.3,-213.94,-37.755,-128.29,2.0025
6992.1,-219.94,-40.755,-132.29,-0.9975
7002.0,-224.94,-42.755,-138.29,-1.9975
7011.9,-231.94,-44.755,-141.29,-3.9975
7021.8,-238.94,-46.755,-145.29,-5.9975
7031.7,-235.94,-46.755,-150.29,-7.9975
7041.6,-223.94,-41.755,-152.29,-8.9975
7051.5,-203.94,-32.755,-155.29,-8.9975
7061.3,-171.94,-17.755,-157.29,-7.9975
7071.2,-148.94,-8.755,-151.29,-5.9975
7081.1,-133.94,-6.755,-132.29,0.0025046
7091.0,-125.94,-3.755,-120.29,4.0025
7100.9,-120.94,-3.755,-102.29,10.003
7110.8,-115.94,-2.755,-86.294,16.003
7120.7,-113.94,-3.755,-68.294,21.003
7130.5,-109.94,-1.755,-61.294,24.003
7140.4,-107.94,-3.755,-54.294,25.003
7150.3,-105.94,-1.755,-51.294,27.003
7160.2,-105.94,-2.755,-48.294,27.003
7170.1,-106.94,-2.755,-46.294,28.003
7180.0,-110.94,-2.755,-51.294,26.003
7189.9,-112.94,-4.755,-56.294,25.003
7199.7,-121.94,-6.755,-63.294,20.003
7209.6,-121.94,-6.755,-72.294,19.003
7219.5,-129.94,-9.755,-80.294,15.003
7229.4,-129.94,-9.755,-90.294,11.003
7239.3,-132.94,-8.755,-99.294,8.0025
7249.2,-132.94,-8.755,-105.29,5.0025
7259.1,-131.94,-8.755,-116.29,1.0025
7268.9,-131.94,-8.755,-123.29,-1.9975
7278.8,-137.94,-8.755,-128.29,-2.9975
7288.7,-137.94,-8.755,-134.29,-5.9975
7298.6,-140.94,-7.755,-138.29,-6.9975
7308.5,-140.94,-7.755,-142.29,-7.9975
7318.4,-143.94,-8.755,-148.29,-8.9975
7328.3,-143.94,-8.755,-148.29,-9.9975
7338.1,-145.94,-6.755,-152.29,-9.9975
7348.0,-149.94,-8.755,-150.29,-9.9975
7357.9,-152.94,-10.755,-152.29,-10.997
7367.8,-155.94,-12.755,-152.29,-10.997
7377.7,-159.94,-12.755,-157.29,-9.9975
7387.6,-167.94,-14.755,-157.29,-9.9975
7397.5,-168.94,-15.755,-159.29,-10.997
7407.3,-173.94,-17.755,-159.29,-10.997
7417.2,-179.94,-19.755,-164.29,-11.997
7427.1,-184.94,-20.755,-164.29,-11.997
7437.0,-191.94,-22.755,-171.29,-13.997
7446.9,-196.94,-26.755,-171.29,-13.997
7456.8,-203.94,-27.755,-179.29,-15.997
7466.7,-211.94,-33.755,-179.29,-15.997
7476.5,-225.94,-38.755,-192.29,-18.997
7486.4,-235.94,-42.755,-192.29,-18.997
7496.3,-237.94,-46.755,-202.29,-22.997
7506.2,-222.94,-39.755,-202.29,-22.997
7516.1,-199.94,-26.755,-204.29,-20.997
7526.0,-166.94,-13.755,-204.29,-20.997
7535.9,-143.94,-4.755,-185.29,-14.997
7545.7,-126.94,1.245,-185.29,-14.997
7555.6,-114.94,4.245,-159.29,-2.9975
7565.5,-102.94,10.245,-159.29,-2.9975
7575.4,-91.944,13.245,-141.29,4.0025
7585.3,-86.944,15.245,-125.29,12.003
7595.2,-79.944,17.245,-112.29,17.003
7605.1,-75.944,17.245,-102.29,18.003
7614.9,-70.944,21.245,-97.294,22.003
7624.8,-67.944,21.245,-89.294,24.003
7634.7,-62.944,24.245,-85.294,25.003
7644.6,-63.944,24.245,-81.294,27.003
7654.5,-64.944,24.245,-78.294,29.003
7664.4,-68.944,23.245,-78.294,28.003
7674.2,-74.944,20.245,-84.294,25.003
7684.1,-82.944,17.245,-92.294,22.003
7694.0,-84.944,16.245,-100.29,20.003
7703.9,-82.944,19.245,-105.29,16.003
7713.8,-82.944,22.245,-114.29,13.003
7723.7,-81.944,23.245,-120.29,10.003
7733.6,-78.944,24.245,-127.29,8.0025
7743.5,-79.944,25.245,-134.29,6.0025
7753.3,-78.944,27.245,-137.29,4.0025
7763.2,-80.944,28.245,-142.29,3.0025
7773.1,-80.944,28.245,-147.29,3.0025
7783.0,-83.944,28.245,-151.29,1.0025
7792.9,-84.944,27.245,-155.29,-1.9975
7802.8,-84.944,31.245,-156.29,0.0025046
7812.6,-86.944,32.245,-157.29,-2.9975
7822.5,-83.944,33.245,-162.29,-1.9975
7832.4,-85.944,36.245,-162.29,-0.9975
7842.3,-83.944,40.245,-160.29,-0.9975
7852.2,-83.944,42.245,-158.29,0.0025046
7862.1,-80.944,48.245,-159.29,3.0025
7872.0,-80.944,50.245,-159.29,3.0025
7881.9,-77.944,51.245,-161.29,4.0025
7891.7,-78.944,53.245,-161.29,4.0025
7901.6,-78.944,58.245,-164.29,4.0025
7911.5,-77.944,61.245,-164.29,4.0025
7921.4,-77.944,61.245,-169.29,3.0025
7931.3,-86.944,58.245,-170.29,2.0025
7941.2,-86.944,58.245,-172.29,2.0025
7951.0,-89.944,59.245,-175.29,2.0025
7960.9,-89.944,59.245,-178.29,0.0025046
7970.8,-35.944,85.245,-180.29,1.0025
7980.7,-35.944,85.245,-183.29,0.0025046
7990.6,21.056,109.24,-189.29,-2.9975
8000.5,21.056,109.24,-182.29,-0.9975
8010.4,47.056,116.24,-173.29,3.0025
8020.2,47.056,116.24,-161.29,8.0025
8030.1,66.056,123.24,-153.29,10.003
8040.0,66.056,123.24,-139.29,14.003
8049.9,73.056,126.24,-134.29,15.003
8059.8,82.056,126.24,-129.29,16.003
8069.7,87.056,129.24,-124.29,17.003
8079.6,92.056,129.24,-120.29,18.003
8089.4,95.056,131.24,-113.29,22.003
8099.3,97.056,131.24,-104.29,26.003
8109.2,99.056,133.24,-98.294,28.003
8119.1,98.056,132.24,-96.294,29.003
8129.0,93.056,131.24,-96.294,31.003
8138.9,85.056,127.24,-97.294,30.003
8148.8,74.056,124.24,-102.29,30.003
8158.6,69.056,121.24,-104.29,29.003
8168.5,63.056,117.24,-110.29,27.003
8178.4,60.056,116.24,-116.29,24.003
8188.3,61.056,118.24,-127.29,19.003
8198.2,62.056,120.24,-139.29,15.003
8208.1,59.056,118.24,-150.29,9.0025
8218.0,58.056,120.24,-162.29,5.0025
8227.8,58.056,119.24,-172.29,-1.9975
8237.7,56.056,119.24,-189.29,-6.9975
8247.6,51.056,118.24,-201.29,-13.997
8257.5,47.056,114.24,-211.29,-16.997
8267.4,42.056,114.24,-221.29,-22.997
8277.3,38.056,112.24,-229.29,-26.997
8287.2,36.056,114.24,-237.29,-30.997
8297.0,34.056,113.24,-244.29,-34.997
8306.9,31.056,115.24,-249.29,-34.997
8316.8,29.056,115.24,-253.29,-36.997
8326.7,27.056,115.24,-257.29,-37.997
8336.6,24.056,115.24,-262.29,-38.997
8346.5,20.056,114.24,-261.29,-37.997
8356.4,15.056,113.24,-266.29,-39.997
8366.2,11.056,112.24,-268.29,-41.997
8376.1,6.0557,111.24,-270.29,-41.997
8386.0,-3.9443,107.24,-272.29,-40.997
8395.9,-15.944,99.245,-275.29,-42.997
8405.8,-22.944,95.245,-278.29,-42.997
8415.7,-13.944,98.245,-281.29,-43.997
8425.6,5.0557,106.24,-279.29,-42.997
8435.4,33.056,121.24,-273.29,-41.997
8445.3,64.056,135.24,-257.29,-33.997
8455.2,86.056,145.24,-257.29,-33.997
8465.1,102.06,153.24,-225.29,-22.997
8475.0,116.06,159.24,-225.29,-22.997
8484.9,129.06,165.24,-181.29,-4.9975
8494.8,142.06,171.24,-181.29,-4.9975
8504.6,156.06,173.24,-135.29,16.003
8514.5,165.06,176.24,-135.29,16.003
8524.4,173.06,178.24,-112.29,26.003
8534.3,178.06,180.24,-112.29,26.003
8544.2,181.06,182.24,-86.294,36.003
8554.1,187.06,184.24,-86.294,36.003
8564.0,187.06,186.24,-77.294,39.003
8573.8,184.06,183.24,-77.294,39.003
8583.7,181.06,182.24,-85.294,34.003
8593.6,174.06,180.24,-85.294,34.003
8603.5,167.06,177.24,-101.29,27.003
8613.4,164.06,176.24,-101.29,27.003
8623.3,160.06,174.24,-119.29,19.003
8633.2,160.06,174.24,-119.29,19.003
8643.0,156.06,173.24,-138.29,11.003
8652.9,156.06,173.24,-138.29,11.003
8662.8,153.06,171.24,-148.29,8.0025
8672.7,153.06,171.24,-156.29,3.0025
8682.6,150.06,170.24,-161.29,1.0025
8692.5,150.06,170.24,-168.29,-2.9975
8702.4,147.06,168.24,-174.29,-5.9975
8712.2,147.06,168.24,-180.29,-6.9975
8722.1,145.06,170.24,-186.29,-8.9975
8732.0,145.06,170.24,-196.29,-13.997
8741.9,143.06,168.24,-200.29,-15.997
8751.8,143.06,168.24,-210.29,-18.997
8761.7,139.06,166.24,-214.29,-22.997
8771.6,138.06,166.24,-220.29,-24.997
8781.4,136.06,166.24,-227.29,-27.997
8791.3,132.06,163.24,-231.29,-29.997
8801.2,129.06,165.24,-236.29,-30.997
8811.1,126.06,164.24,-238.29,-32.997
8821.0,121.06,165.24,-241.29,-34.997
8830.9,121.06,165.24,-245.29,-33.997
8840.8,113.06,164.24,-247.29,-35.997
8850.6,110.06,162.24,-254.29,-39.997
8860.5,100.06,156.24,-262.29,-42.997
8870.4,90.056,149.24,-266.29,-44.997
8880.3,91.056,150.24,-274.29,-46.997
8890.2,101.06,152.24,-279.29,-48.997
8900.1,120.06,157.24,-282.29,-49.997
8910.0,148.06,164.24,-275.29,-46.997
8919.8,169.06,170.24,-256.29,-39.997
8929.7,180.06,174.24,-240.29,-32.997
8939.6,186.06,173.24,-224.29,-28.997
8949.5,196.06,175.24,-203.29,-19.997
8959.4,205.06,178.24,-179.29,-10.997
8969.3,215.06,180.24,-158.29,-2.9975
8979.2,221.06,182.24,-142.29,2.0025
8989.0,227.06,183.24,-132.29,6.0025
8998.9,231.06,181.24,-126.29,9.0025
9008.8,235.06,181.24,-121.29,11.003
9018.7,236.06,179.24,-118.29,12.003
9028.6,232.06,175.24,-113.29,14.003
9038.5,221.06,170.24,-112.29,15.003
9048.4,214.06,165.24,-112.29,14.003
9058.2,206.06,163.24,-118.29,13.003
9068.1,200.06,158.24,-122.29,11.003
9078.0,195.06,156.24,-131.29,8.0025
9087.9,192.06,156.24,-137.29,5.0025
9097.8,189.06,153.24,-142.29,3.0025
9107.7,189.06,152.24,-144.29,2.0025
9117.6,190.06,154.24,-149.29,1.0025
9127.4,189.06,154.24,-153.29,-1.9975
9137.3,183.06,150.24,-154.29,-3.9975
9147.2,182.06,153.24,-155.29,-5.9975
9157.1,183.06,153.24,-156.29,-4.9975
9167.0,182.06,153.24,-162.29,-6.9975
9176.9,176.06,150.24,-164.29,-8.9975
9186.8,173.06,148.24,-165.29,-10.997
9196.6,166.06,146.24,-171.29,-12.997
9206.5,160.06,143.24,-176.29,-15.997
9216.4,157.06,141.24,-180.29,-15.997
9226.3,151.06,141.24,-183.29,-16.997
9236.2,148.06,140.24,-184.29,-17.997
9246.1,147.06,142.24,-184.29,-15.997
9256.0,144.06,142.24,-182.29,-15.997
9265.8,142.06,142.24,-183.29,-14.997
9275.7,142.06,142.24,-184.29,-14.997
9285.6,137.06,143.24,-185.29,-16.997
9295.5,134.06,143.24,-188.29,-17.997
9305.4,130.06,142.24,-190.29,-17.997
9315.3,128.06,142.24,-197.29,-19.997
9325.2,118.06,138.24,-202.29,-21.997
9335.0,109.06,136.24,-205.29,-22.997
9344.9,109.06,136.24,-211.29,-24.997
9354.8,134.06,145.24,-217.29,-26.997
9364.7,134.06,145.24,-220.29,-27.997
9374.6,181.06,168.24,-216.29,-26.997
9384.5,181.06,168.24,-194.29,-18.997
9394.4,219.06,182.24,-177.29,-12.997
9404.2,219.06,182.24,-156.29,-4.9975
9414.1,238.06,190.24,-138.29,0.0025046
9424.0,238.06,190.24,-114.29,9.0025
9433.9,250.06,194.24,-99.294,15.003
9443.8,250.06,194.24,-85.294,20.003
9453.7,255.06,191.24,-78.294,23.003
9463.6,255.06,191.24,-73.294,23.003
9473.4,251.06,188.24,-70.294,24.003
9483.3,244.06,183.24,-70.294,24.003
9493.2,232.06,174.24,-69.294,23.003
9503.1,215.06,161.24,-69.294,23.003
9513.0,202.06,153.24,-72.294,21.003
9522.9,190.06,142.24,-72.294,21.003
9532.8,171.06,132.24,-85.294,14.003
9542.6,156.06,121.24,-85.294,14.003
9552.5,144.06,116.24,-96.294,10.003
9562.4,135.06,111.24,-96.294,10.003
9572.3,130.06,106.24,-109.29,4.0025
9582.2,124.06,104.24,-109.29,4.0025
9592.1,120.06,98.245,-117.29,0.0025046
9602.0,114.06,97.245,-117.29,0.0025046
9611.8,107.06,96.245,-122.29,-1.9975
9621.7,99.056,93.245,-122.29,-1.9975
9631.6,95.056,89.245,-126.29,-4.9975
9641.5,88.056,86.245,-126.29,-4.9975
9651.4,81.056,84.245,-133.29,-6.9975
9661.3,71.056,82.245,-133.29,-6.9975
9671.2,68.056,82.245,-136.29,-8.9975
9681.0,65.056,80.245,-136.29,-8.9975
9690.9,59.056,78.245,-139.29,-8.9975
9700.8,52.056,77.245,-143.29,-11.997
9710.7,46.056,77.245,-146.29,-10.997
9720.6,36.056,73.245,-147.29,-13.997
9730.5,27.056,70.245,-150.29,-14.997
9740.4,21.056,68.245,-154.29,-14.997
9750.2,12.056,65.245,-160.29,-17.997
9760.1,5.0557,64.245,-163.29,-19.997
9770.0,-3.9443,62.245,-170.29,-20.997
9779.9,-8.9443,60.245,-175.29,-23.997
9789.8,-13.944,59.245,-182.29,-26.997
9799.7,-21.944,57.245,-191.29,-29.997
9809.6,-31.944,51.245,-194.29,-30.997
9819.4,-31.944,53.245,-198.29,-32.997
9829.3,-15.944,61.245,-202.29,-33.997
9839.2,3.0557,67.245,-207.29,-35.997
9849.1,28.056,82.245,-208.29,-35.997
9859.0,56.056,93.245,-200.29,-33.997
9868.9,76.056,102.24,-181.29,-24.997
9878.8,88.056,107.24,-169.29,-21.997
9888.6,96.056,109.24,-153.29,-15.997
9898.5,106.06,113.24,-137.29,-9.9975
9908.4,112.06,115.24,-125.29,-3.9975
9918.3,120.06,118.24,-118.29,-3.9975
9928.2,123.06,119.24,-114.29,-2.9975
9938.1,127.06,123.24,-113.29,-2.9975
9948.0,130.06,125.24,-113.29,-5.9975
9957.8,130.06,123.24,-115.29,-5.9975
9967.7,129.06,124.24,-115.29,-5.9975
9977.6,122.06,121.24,-120.29,-6.9975
9987.5,117.06,120.24,-128.29,-10.997
9997.4,113.06,121.24,-135.29,-13.997
10007.0,108.06,115.24,-144.29,-16.997
10017.0,105.06,115.24,-154.29,-20.997
10027.0,107.06,118.24,-159.29,-22.997
10037.0,106.06,117.24,-166.29,-26.997
10047.0,108.06,119.24,-172.29,-29.997
10057.0,108.06,119.24,-178.29,-31.997
10067.0,110.06,122.24,-182.29,-33.997
10077.0,110.06,122.24,-188.29,-37.997
10086.0,107.06,122.24,-192.29,-39.997
10096.0,107.06,122.24,-195.29,-42.997
10106.0,103.06,119.24,-201.29,-43.997
10116.0,103.06,119.24,-205.29,-45.997
10126.0,98.056,114.24,-210.29,-47.997
10136.0,98.056,114.24,-213.29,-49.997
10146.0,89.056,108.24,-219.29,-49.997
10156.0,89.056,108.24,-222.29,-51.997
10165.0,82.056,101.24,-225.29,-51.997
10175.0,82.056,101.24,-225.29,-51.997
10185.0,67.056,91.245,-226.29,-50.997
10195.0,67.056,91.245,-226.29,-51.997
10205.0,58.056,83.245,-228.29,-51.997
10215.0,52.056,76.245,-231.29,-52.997
10225.0,42.056,72.245,-236.29,-53.997
10235.0,33.056,64.245,-239.29,-54.997
10245.0,23.056,57.245,-243.29,-55.997
10254.0,9.0557,50.245,-252.29,-58.997
10264.0,-5.9443,42.245,-256.29,-60.997
10274.0,-17.944,33.245,-266.29,-62.997
10284.0,-32.944,25.245,-268.29,-65.997
10294.0,-43.944,19.245,-275.29,-70.997
10304.0,-47.944,14.245,-279.29,-69.997
10314.0,-43.944,13.245,-282.29,-71.997
10324.0,-27.944,16.245,-282.29,-71.997
10334.0,-4.9443,24.245,-268.29,-65.997
10343.0,6.0557,25.245,-249.29,-58.997
10353.0,13.056,25.245,-232.29,-51.997
10363.0,13.056,20.245,-214.29,-45.997
10373.0,13.056,20.245,-199.29,-38.997
10383.0,13.056,16.245,-184.29,-34.997
10393.0,12.056,12.245,-174.29,-31.997
10403.0,6.0557,6.245,-168.29,-30.997
10413.0,3.0557,5.245,-163.29,-29.997
10423.0,-1.9443,0.24499,-161.29,-28.997
10432.0,-7.9443,-3.755,-161.29,-28.997
10442.0,-14.944,-5.755,-164.29,-30.997
10452.0,-24.944,-10.755,-167.29,-30.997
10462.0,-33.944,-17.755,-177.29,-35.997
10472.0,-42.944,-21.755,-181.29,-36.997
10482.0,-51.944,-27.755,-188.29,-40.997
10492.0,-57.944,-31.755,-198.29,-43.997
10502.0,-60.944,-32.755,-202.29,-45.997
10511.0,-60.944,-33.755,-212.29,-48.997
10521.0,-64.944,-33.755,-218.29,-52.997
10531.0,-67.944,-38.755,-224.29,-54.997
10541.0,-72.944,-37.755,-231.29,-56.997
10551.0,-75.944,-38.755,-234.29,-58.997
10561.0,-78.944,-41.755,-237.29,-59.997
10571.0,-81.944,-42.755,-237.29,-59.997
10581.0,-88.944,-45.755,-240.29,-61.997
10591.0,-93.944,-49.755,-240.29,-61.997
10600.0,-97.944,-50.755,-246.29,-63.997
10610.0,-100.94,-53.755,-246.29,-63.997
10620.0,-107.94,-55.755,-246.29,-63.997
10630.0,-113.94,-60.755,-246.29,-63.997
10640.0,-121.94,-61.755,-249.29,-64.997
10650.0,-124.94,-63.755,-249.29,-64.997
10660.0,-130.94,-64.755,-261.29,-67.997
10670.0,-134.94,-65.755,-261.29,-67.997
10680.0,-138.94,-66.755,-284.29,-80.997
10689.0,-144.94,-69.755,-284.29,-80.997
10699.0,-146.94,-71.755,-337.29,-115.0
10709.0,-155.94,-72.755,-337.29,-115.0
10719.0,-162.94,-75.755,-427.29,-175.0
10729.0,-167.94,-77.755,-427.29,-175.0
10739.0,-176.94,-83.755,-494.29,-217.0
10749.0,-181.94,-86.755,-494.29,-217.0
10759.0,-190.94,-88.755,-528.29,-245.0
10769.0,-190.94,-88.755,-528.29,-245.0
10778.0,-175.94,-85.755,-554.29,-262.0
10788.0,-175.94,-85.755,-585.29,-281.0
10798.0,-124.94,-64.755,-610.29,-297.0
10808.0,-124.94,-64.755,-616.29,-304.0
10818.0,-102.94,-60.755,-604.29,-304.0
10828.0,-102.94,-60.755,-592.29,-304.0
10838.0,-88.944,-55.755,-582.29,-300.0
10848.0,-88.944,-55.755,-571.29,-300.0
10857.0,-78.944,-53.755,-555.29,-296.0
10867.0,-78.944,-53.755,-549.29,-297.0
10877.0,-76.944,-50.755,-544.29,-298.0
10887.0,-76.944,-50.755,-545.29,-301.0
10897.0,-77.944,-50.755,-549.29,-305.0
10907.0,-77.944,-50.755,-553.29,-309.0
10917.0,-78.944,-51.755,-557.29,-311.0
10927.0,-83.944,-53.755,-564.29,-316.0
10937.0,-92.944,-56.755,-573.29,-320.0
10946.0,-98.944,-59.755,-580.29,-323.0
10956.0,-104.94,-62.755,-590.29,-327.0
10966.0,-105.94,-64.755,-600.29,-330.0
10976.0,-111.94,-66.755,-607.29,-334.0
10986.0,-113.94,-67.755,-618.29,-338.0
10996.0,-115.94,-67.755,-624.29,-343.0
11006.0,-117.94,-68.755,-634.29,-348.0
11016.0,-120.94,-68.755,-646.29,-354.0
11026.0,-123.94,-69.755,-655.29,-359.0
11035.0,-126.94,-70.755,-661.29,-362.0
11045.0,-128.94,-69.755,-664.29,-364.0
11055.0,-131.94,-70.755,-664.29,-364.0
11065.0,-133.94,-71.755,-664.29,-362.0
11075.0,-134.94,-70.755,-659.29,-360.0
11085.0,-134.94,-67.755,-653.29,-357.0
11095.0,-136.94,-66.755,-648.29,-353.0
11105.0,-140.94,-68.755,-647.29,-351.0
11115.0,-141.94,-67.755,-647.29,-350.0
11124.0,-142.94,-68.755,-650.29,-352.0
11134.0,-148.94,-71.755,-652.29,-351.0
11144.0,-152.94,-74.755,-655.29,-353.0
11154.0,-159.94,-76.755,-657.29,-352.0
11164.0,-163.94,-79.755,-658.29,-352.0
11174.0,-170.94,-79.755,-663.29,-353.0
11184.0,-177.94,-84.755,-665.29,-354.0
11194.0,-184.94,-86.755,-671.29,-357.0
11203.0,-192.94,-91.755,-681.29,-364.0
11213.0,-198.94,-92.755,-694.29,-370.0
11223.0,-198.94,-91.755,-704.29,-375.0
11233.0,-187.94,-88.755,-713.29,-380.0
11243.0,-162.94,-79.755,-713.29,-380.0
11253.0,-134.94,-65.755,-710.29,-379.0
11263.0,-112.94,-57.755,-702.29,-375.0
11273.0,-98.944,-54.755,-678.29,-367.0
11283.0,-88.944,-49.755,-659.29,-359.0
11292.0,-80.944,-46.755,-631.29,-347.0
11302.0,-74.944,-45.755,-605.29,-337.0
11312.0,-68.944,-43.755,-584.29,-329.0
11322.0,-64.944,-43.755,-570.29,-322.0
11332.0,-59.944,-43.755,-556.29,-316.0
11342.0,-53.944,-39.755,-544.29,-311.0
11352.0,-52.944,-39.755,-533.29,-307.0
11362.0,-50.944,-36.755,-526.29,-303.0
11372.0,-51.944,-38.755,-526.29,-305.0
11381.0,-55.944,-38.755,-525.29,-305.0
11391.0,-61.944,-40.755,-531.29,-307.0
11401.0,-70.944,-43.755,-536.29,-310.0
11411.0,-81.944,-48.755,-542.29,-313.0
11421.0,-89.944,-53.755,-548.29,-314.0
11431.0,-94.944,-53.755,-553.29,-316.0
11441.0,-98.944,-54.755,-556.29,-315.0
11451.0,-103.94,-55.755,-560.29,-315.0
11461.0,-105.94,-58.755,-562.29,-315.0
11470.0,-109.94,-58.755,-564.29,-315.0
11480.0,-109.94,-58.755,-562.29,-312.0
11490.0,-120.94,-64.755,-559.29,-309.0
11500.0,-120.94,-64.755,-559.29,-308.0
11510.0,-138.94,-69.755,-558.29,-308.0
11520.0,-138.94,-69.755,-563.29,-310.0
11530.0,-151.94,-76.755,-568.29,-312.0
11540.0,-151.94,-76.755,-568.29,-312.0
11549.0,-163.94,-83.755,-571.29,-311.0
11559.0,-163.94,-83.755,-567.29,-309.0
11569.0,-180.94,-88.755